PROVIDER,RSN,EVENT,YEAR,MAGNITUDE,MAGNITUDE_TYPE,STATION,SSN,STATION_ID,STATION_LAT,STATION_LON,VS30(m/s),STRIKE1,DIP1,RAKE1,MECHANISM,ENDPOINTSOURCE,EPICENTER_DEPTH(km),HYPOCENTER_DEPTH(km),RJB(km),RRUP(km),HYPO_LAT,HYPO_LON,HYPO_DEPTH(km),T90_avg(sec),ARIAS_INTENSITY(m/sec),LOWFREQ(Hz),FILE_NAME_H1,FILE_NAME_H2,FILE_NAME_V,PGA(cm2/sec),PGV(cm/sec),PGD(cm),HARD_FILTERS,ERROR_METRICS,ERROR_TOTAL,SCORE,SCORE_BREAKDOWN,SELECTION_STATUS,SELECTION_REASON
PEER,1163,"Kocaeli, Turkey",1999,7.51,Mw,Hava Alani,730,-999,40.9824,28.82,354.37,271.0,80.0,180,StrikeSlip,,101.86,103.11,58.33,60.05,40.748,29.99,16.0,36.7,0.2,0.025,KOCAELI\DHM000.AT2,KOCAELI\DHM090.AT2,KOCAELI\DHM-UP.AT2,87.990167125,19.0,23.283,"[{'criterion': 'magnitude', 'column': 'MAGNITUDE', 'status': 'passed', 'value': 7.51, 'min': 7.0, 'max': 8.0, 'reason': ''}, {'criterion': 'rjb', 'column': 'RJB(km)', 'status': 'passed', 'value': 58.33, 'min': 0.0, 'max': 100.0, 'reason': ''}, {'criterion': 'rrup', 'column': 'RRUP(km)', 'status': 'passed', 'value': 60.05, 'min': 0.0, 'max': 120.0, 'reason': ''}, {'criterion': 'vs30', 'column': 'VS30(m/s)', 'status': 'passed', 'value': 354.37, 'min': 300.0, 'max': 400.0, 'reason': ''}, {'criterion': 'pga', 'column': 'PGA(cm2/sec)', 'status': 'passed', 'value': 87.990167125, 'min': 50.0, 'max': 500.0, 'reason': ''}, {'criterion': 'pgv', 'column': 'PGV(cm/sec)', 'status': 'passed', 'value': 19.0, 'min': 5.0, 'max': 100.0, 'reason': ''}, {'criterion': 'mechanism', 'column': 'MECHANISM', 'status': 'passed', 'value': 'StrikeSlip', 'target': ['StrikeSlip'], 'reason': ''}]","[{'criterion': 'magnitude', 'column': 'MAGNITUDE', 'status': 'active', 'target': 7.5, 'value': 7.51, 'absolute_error': 0.009999999999999787, 'normalized_error': 0.009999999999999787, 'scale': 1.0}, {'criterion': 'rjb', 'column': 'RJB(km)', 'status': 'active', 'target': 50.0, 'value': 58.33, 'absolute_error': 8.329999999999998, 'normalized_error': 0.08329999999999999, 'scale': 100.0}, {'criterion': 'rrup', 'column': 'RRUP(km)', 'status': 'active', 'target': 60.0, 'value': 60.05, 'absolute_error': 0.04999999999999716, 'normalized_error': 0.000416666666666643, 'scale': 120.0}, {'criterion': 'vs30', 'column': 'VS30(m/s)', 'status': 'active', 'target': 350.0, 'value': 354.37, 'absolute_error': 4.3700000000000045, 'normalized_error': 0.043700000000000044, 'scale': 100.0}, {'criterion': 'pga', 'column': 'PGA(cm2/sec)', 'status': 'active', 'target': 275.0, 'value': 87.990167125, 'absolute_error': 187.009832875, 'normalized_error': 0.4155774063888889, 'scale': 450.0}, {'criterion': 'pgv', 'column': 'PGV(cm/sec)', 'status': 'active', 'target': 52.5, 'value': 19.0, 'absolute_error': 33.5, 'normalized_error': 0.3526315789473684, 'scale': 95.0}, {'criterion': 'mechanism', 'column': 'MECHANISM', 'status': 'active', 'target': ['StrikeSlip'], 'value': 'StrikeSlip', 'absolute_error': 0.0, 'normalized_error': 0.0, 'match': 1.0}]",0.12937509314327483,88.54454167364375,"[{'criterion': 'magnitude', 'column': 'MAGNITUDE', 'status': 'active', 'target': 7.5, 'value': 7.51, 'absolute_error': 0.009999999999999787, 'normalized_error': 0.009999999999999787, 'scale': 1.0}, {'criterion': 'rjb', 'column': 'RJB(km)', 'status': 'active', 'target': 50.0, 'value': 58.33, 'absolute_error': 8.329999999999998, 'normalized_error': 0.08329999999999999, 'scale': 100.0}, {'criterion': 'rrup', 'column': 'RRUP(km)', 'status': 'active', 'target': 60.0, 'value': 60.05, 'absolute_error': 0.04999999999999716, 'normalized_error': 0.000416666666666643, 'scale': 120.0}, {'criterion': 'vs30', 'column': 'VS30(m/s)', 'status': 'active', 'target': 350.0, 'value': 354.37, 'absolute_error': 4.3700000000000045, 'normalized_error': 0.043700000000000044, 'scale': 100.0}, {'criterion': 'pga', 'column': 'PGA(cm2/sec)', 'status': 'active', 'target': 275.0, 'value': 87.990167125, 'absolute_error': 187.009832875, 'normalized_error': 0.4155774063888889, 'scale': 450.0}, {'criterion': 'pgv', 'column': 'PGV(cm/sec)', 'status': 'active', 'target': 52.5, 'value': 19.0, 'absolute_error': 33.5, 'normalized_error': 0.3526315789473684, 'scale': 95.0}, {'criterion': 'mechanism', 'column': 'MECHANISM', 'status': 'active', 'target': ['StrikeSlip'], 'value': 'StrikeSlip', 'absolute_error': 0.0, 'normalized_error': 0.0, 'match': 1.0}]",selected,selected
PEER,1177,"Kocaeli, Turkey",1999,7.51,Mw,Zeytinburnu,1145,-999,40.986,28.908,341.56,271.0,80.0,180,StrikeSlip,,94.83,96.17,51.98,53.88,40.748,29.99,16.0,39.4,0.3,0.075,KOCAELI\ZYT000.AT2,KOCAELI\ZYT090.AT2,KOCAELI\ZYT-UP.AT2,106.66693205,15.551,18.229,"[{'criterion': 'magnitude', 'column': 'MAGNITUDE', 'status': 'passed', 'value': 7.51, 'min': 7.0, 'max': 8.0, 'reason': ''}, {'criterion': 'rjb', 'column': 'RJB(km)', 'status': 'passed', 'value': 51.98, 'min': 0.0, 'max': 100.0, 'reason': ''}, {'criterion': 'rrup', 'column': 'RRUP(km)', 'status': 'passed', 'value': 53.88, 'min': 0.0, 'max': 120.0, 'reason': ''}, {'criterion': 'vs30', 'column': 'VS30(m/s)', 'status': 'passed', 'value': 341.56, 'min': 300.0, 'max': 400.0, 'reason': ''}, {'criterion': 'pga', 'column': 'PGA(cm2/sec)', 'status': 'passed', 'value': 106.66693205, 'min': 50.0, 'max': 500.0, 'reason': ''}, {'criterion': 'pgv', 'column': 'PGV(cm/sec)', 'status': 'passed', 'value': 15.551, 'min': 5.0, 'max': 100.0, 'reason': ''}, {'criterion': 'mechanism', 'column': 'MECHANISM', 'status': 'passed', 'value': 'StrikeSlip', 'target': ['StrikeSlip'], 'reason': ''}]","[{'criterion': 'magnitude', 'column': 'MAGNITUDE', 'status': 'active', 'target': 7.5, 'value': 7.51, 'absolute_error': 0.009999999999999787, 'normalized_error': 0.009999999999999787, 'scale': 1.0}, {'criterion': 'rjb', 'column': 'RJB(km)', 'status': 'active', 'target': 50.0, 'value': 51.98, 'absolute_error': 1.9799999999999969, 'normalized_error': 0.01979999999999997, 'scale': 100.0}, {'criterion': 'rrup', 'column': 'RRUP(km)', 'status': 'active', 'target': 60.0, 'value': 53.88, 'absolute_error': 6.119999999999997, 'normalized_error': 0.050999999999999976, 'scale': 120.0}, {'criterion': 'vs30', 'column': 'VS30(m/s)', 'status': 'active', 'target': 350.0, 'value': 341.56, 'absolute_error': 8.439999999999998, 'normalized_error': 0.08439999999999998, 'scale': 100.0}, {'criterion': 'pga', 'column': 'PGA(cm2/sec)', 'status': 'active', 'target': 275.0, 'value': 106.66693205, 'absolute_error': 168.33306795, 'normalized_error': 0.3740734843333333, 'scale': 450.0}, {'criterion': 'pgv', 'column': 'PGV(cm/sec)', 'status': 'active', 'target': 52.5, 'value': 15.551, 'absolute_error': 36.949, 'normalized_error': 0.38893684210526314, 'scale': 95.0}, {'criterion': 'mechanism', 'column': 'MECHANISM', 'status': 'active', 'target': ['StrikeSlip'], 'value': 'StrikeSlip', 'absolute_error': 0.0, 'normalized_error': 0.0, 'match': 1.0}]",0.13260147520551374,88.29230950971056,"[{'criterion': 'magnitude', 'column': 'MAGNITUDE', 'status': 'active', 'target': 7.5, 'value': 7.51, 'absolute_error': 0.009999999999999787, 'normalized_error': 0.009999999999999787, 'scale': 1.0}, {'criterion': 'rjb', 'column': 'RJB(km)', 'status': 'active', 'target': 50.0, 'value': 51.98, 'absolute_error': 1.9799999999999969, 'normalized_error': 0.01979999999999997, 'scale': 100.0}, {'criterion': 'rrup', 'column': 'RRUP(km)', 'status': 'active', 'target': 60.0, 'value': 53.88, 'absolute_error': 6.119999999999997, 'normalized_error': 0.050999999999999976, 'scale': 120.0}, {'criterion': 'vs30', 'column': 'VS30(m/s)', 'status': 'active', 'target': 350.0, 'value': 341.56, 'absolute_error': 8.439999999999998, 'normalized_error': 0.08439999999999998, 'scale': 100.0}, {'criterion': 'pga', 'column': 'PGA(cm2/sec)', 'status': 'active', 'target': 275.0, 'value': 106.66693205, 'absolute_error': 168.33306795, 'normalized_error': 0.3740734843333333, 'scale': 450.0}, {'criterion': 'pgv', 'column': 'PGV(cm/sec)', 'status': 'active', 'target': 52.5, 'value': 15.551, 'absolute_error': 36.949, 'normalized_error': 0.38893684210526314, 'scale': 95.0}, {'criterion': 'mechanism', 'column': 'MECHANISM', 'status': 'active', 'target': ['StrikeSlip'], 'value': 'StrikeSlip', 'absolute_error': 0.0, 'normalized_error': 0.0, 'match': 1.0}]",selected,selected
PEER,1157,"Kocaeli, Turkey",1999,7.51,Mw,Cekmece,625,-999,41.0238,28.7594,346.0,271.0,80.0,180,StrikeSlip,,107.98,109.16,64.95,66.69,40.748,29.99,16.0,37.0,0.5,0.025,KOCAELI\CNA000.AT2,KOCAELI\CNA090.AT2,KOCAELI\CNA-UP.AT2,156.05322145,12.931,15.903,"[{'criterion': 'magnitude', 'column': 'MAGNITUDE', 'status': 'passed', 'value': 7.51, 'min': 7.0, 'max': 8.0, 'reason': ''}, {'criterion': 'rjb', 'column': 'RJB(km)', 'status': 'passed', 'value': 64.95, 'min': 0.0, 'max': 100.0, 'reason': ''}, {'criterion': 'rrup', 'column': 'RRUP(km)', 'status': 'passed', 'value': 66.69, 'min': 0.0, 'max': 120.0, 'reason': ''}, {'criterion': 'vs30', 'column': 'VS30(m/s)', 'status': 'passed', 'value': 346.0, 'min': 300.0, 'max': 400.0, 'reason': ''}, {'criterion': 'pga', 'column': 'PGA(cm2/sec)', 'status': 'passed', 'value': 156.05322145, 'min': 50.0, 'max': 500.0, 'reason': ''}, {'criterion': 'pgv', 'column': 'PGV(cm/sec)', 'status': 'passed', 'value': 12.931, 'min': 5.0, 'max': 100.0, 'reason': ''}, {'criterion': 'mechanism', 'column': 'MECHANISM', 'status': 'passed', 'value': 'StrikeSlip', 'target': ['StrikeSlip'], 'reason': ''}]","[{'criterion': 'magnitude', 'column': 'MAGNITUDE', 'status': 'active', 'target': 7.5, 'value': 7.51, 'absolute_error': 0.009999999999999787, 'normalized_error': 0.009999999999999787, 'scale': 1.0}, {'criterion': 'rjb', 'column': 'RJB(km)', 'status': 'active', 'target': 50.0, 'value': 64.95, 'absolute_error': 14.950000000000003, 'normalized_error': 0.14950000000000002, 'scale': 100.0}, {'criterion': 'rrup', 'column': 'RRUP(km)', 'status': 'active', 'target': 60.0, 'value': 66.69, 'absolute_error': 6.689999999999998, 'normalized_error': 0.05574999999999998, 'scale': 120.0}, {'criterion': 'vs30', 'column': 'VS30(m/s)', 'status': 'active', 'target': 350.0, 'value': 346.0, 'absolute_error': 4.0, 'normalized_error': 0.04, 'scale': 100.0}, {'criterion': 'pga', 'column': 'PGA(cm2/sec)', 'status': 'active', 'target': 275.0, 'value': 156.05322145, 'absolute_error': 118.94677855, 'normalized_error': 0.26432617455555557, 'scale': 450.0}, {'criterion': 'pgv', 'column': 'PGV(cm/sec)', 'status': 'active', 'target': 52.5, 'value': 12.931, 'absolute_error': 39.569, 'normalized_error': 0.41651578947368423, 'scale': 95.0}, {'criterion': 'mechanism', 'column': 'MECHANISM', 'status': 'active', 'target': ['StrikeSlip'], 'value': 'StrikeSlip', 'absolute_error': 0.0, 'normalized_error': 0.0, 'match': 1.0}]",0.13372742343274852,88.20462302765483,"[{'criterion': 'magnitude', 'column': 'MAGNITUDE', 'status': 'active', 'target': 7.5, 'value': 7.51, 'absolute_error': 0.009999999999999787, 'normalized_error': 0.009999999999999787, 'scale': 1.0}, {'criterion': 'rjb', 'column': 'RJB(km)', 'status': 'active', 'target': 50.0, 'value': 64.95, 'absolute_error': 14.950000000000003, 'normalized_error': 0.14950000000000002, 'scale': 100.0}, {'criterion': 'rrup', 'column': 'RRUP(km)', 'status': 'active', 'target': 60.0, 'value': 66.69, 'absolute_error': 6.689999999999998, 'normalized_error': 0.05574999999999998, 'scale': 120.0}, {'criterion': 'vs30', 'column': 'VS30(m/s)', 'status': 'active', 'target': 350.0, 'value': 346.0, 'absolute_error': 4.0, 'normalized_error': 0.04, 'scale': 100.0}, {'criterion': 'pga', 'column': 'PGA(cm2/sec)', 'status': 'active', 'target': 275.0, 'value': 156.05322145, 'absolute_error': 118.94677855, 'normalized_error': 0.26432617455555557, 'scale': 450.0}, {'criterion': 'pgv', 'column': 'PGV(cm/sec)', 'status': 'active', 'target': 52.5, 'value': 12.931, 'absolute_error': 39.569, 'normalized_error': 0.41651578947368423, 'scale': 95.0}, {'criterion': 'mechanism', 'column': 'MECHANISM', 'status': 'active', 'target': ['StrikeSlip'], 'value': 'StrikeSlip', 'absolute_error': 0.0, 'normalized_error': 0.0, 'match': 1.0}]",selected,selected
PEER,900,Landers,1992,7.28,Mw,Yermo Fire Station,296,22074,34.904,-116.823,353.63,336.0,90.0,180,StrikeSlip,,85.99,86.28,23.62,23.62,34.2,-116.436,7.0,18.9,0.9,0.07,LANDERS\YER270.AT2,LANDERS\YER360.AT2,LANDERS\YER-UP.AT2,217.77627654999998,40.263,33.155,"[{'criterion': 'magnitude', 'column': 'MAGNITUDE', 'status': 'passed', 'value': 7.28, 'min': 7.0, 'max': 8.0, 'reason': ''}, {'criterion': 'rjb', 'column': 'RJB(km)', 'status': 'passed', 'value': 23.62, 'min': 0.0, 'max': 100.0, 'reason': ''}, {'criterion': 'rrup', 'column': 'RRUP(km)', 'status': 'passed', 'value': 23.62, 'min': 0.0, 'max': 120.0, 'reason': ''}, {'criterion': 'vs30', 'column': 'VS30(m/s)', 'status': 'passed', 'value': 353.63, 'min': 300.0, 'max': 400.0, 'reason': ''}, {'criterion': 'pga', 'column': 'PGA(cm2/sec)', 'status': 'passed', 'value': 217.77627654999998, 'min': 50.0, 'max': 500.0, 'reason': ''}, {'criterion': 'pgv', 'column': 'PGV(cm/sec)', 'status': 'passed', 'value': 40.263, 'min': 5.0, 'max': 100.0, 'reason': ''}, {'criterion': 'mechanism', 'column': 'MECHANISM', 'status': 'passed', 'value': 'StrikeSlip', 'target': ['StrikeSlip'], 'reason': ''}]","[{'criterion': 'magnitude', 'column': 'MAGNITUDE', 'status': 'active', 'target': 7.5, 'value': 7.28, 'absolute_error': 0.21999999999999975, 'normalized_error': 0.21999999999999975, 'scale': 1.0}, {'criterion': 'rjb', 'column': 'RJB(km)', 'status': 'active', 'target': 50.0, 'value': 23.62, 'absolute_error': 26.38, 'normalized_error': 0.2638, 'scale': 100.0}, {'criterion': 'rrup', 'column': 'RRUP(km)', 'status': 'active', 'target': 60.0, 'value': 23.62, 'absolute_error': 36.379999999999995, 'normalized_error': 0.30316666666666664, 'scale': 120.0}, {'criterion': 'vs30', 'column': 'VS30(m/s)', 'status': 'active', 'target': 350.0, 'value': 353.63, 'absolute_error': 3.6299999999999955, 'normalized_error': 0.03629999999999996, 'scale': 100.0}, {'criterion': 'pga', 'column': 'PGA(cm2/sec)', 'status': 'active', 'target': 275.0, 'value': 217.77627654999998, 'absolute_error': 57.22372345000002, 'normalized_error': 0.12716382988888894, 'scale': 450.0}, {'criterion': 'pgv', 'column': 'PGV(cm/sec)', 'status': 'active', 'target': 52.5, 'value': 40.263, 'absolute_error': 12.237000000000002, 'normalized_error': 0.1288105263157895, 'scale': 95.0}, {'criterion': 'mechanism', 'column': 'MECHANISM', 'status': 'active', 'target': ['StrikeSlip'], 'value': 'StrikeSlip', 'absolute_error': 0.0, 'normalized_error': 0.0, 'match': 1.0}]",0.15417728898162067,86.64180187450597,"[{'criterion': 'magnitude', 'column': 'MAGNITUDE', 'status': 'active', 'target': 7.5, 'value': 7.28, 'absolute_error': 0.21999999999999975, 'normalized_error': 0.21999999999999975, 'scale': 1.0}, {'criterion': 'rjb', 'column': 'RJB(km)', 'status': 'active', 'target': 50.0, 'value': 23.62, 'absolute_error': 26.38, 'normalized_error': 0.2638, 'scale': 100.0}, {'criterion': 'rrup', 'column': 'RRUP(km)', 'status': 'active', 'target': 60.0, 'value': 23.62, 'absolute_error': 36.379999999999995, 'normalized_error': 0.30316666666666664, 'scale': 120.0}, {'criterion': 'vs30', 'column': 'VS30(m/s)', 'status': 'active', 'target': 350.0, 'value': 353.63, 'absolute_error': 3.6299999999999955, 'normalized_error': 0.03629999999999996, 'scale': 100.0}, {'criterion': 'pga', 'column': 'PGA(cm2/sec)', 'status': 'active', 'target': 275.0, 'value': 217.77627654999998, 'absolute_error': 57.22372345000002, 'normalized_error': 0.12716382988888894, 'scale': 450.0}, {'criterion': 'pgv', 'column': 'PGV(cm/sec)', 'status': 'active', 'target': 52.5, 'value': 40.263, 'absolute_error': 12.237000000000002, 'normalized_error': 0.1288105263157895, 'scale': 95.0}, {'criterion': 'mechanism', 'column': 'MECHANISM', 'status': 'active', 'target': ['StrikeSlip'], 'value': 'StrikeSlip', 'absolute_error': 0.0, 'normalized_error': 0.0, 'match': 1.0}]",selected,selected
PEER,862,Landers,1992,7.28,Mw,Indio - Coachella Canal,266,12026,33.717,-116.155,339.02,336.0,90.0,180,StrikeSlip,,59.68,60.09,54.25,54.25,34.2,-116.436,7.0,37.9,0.3,0.1,LANDERS\IND000.AT2,LANDERS\IND090.AT2,LANDERS\IND-UP.AT2,102.185293,13.37,6.9545,"[{'criterion': 'magnitude', 'column': 'MAGNITUDE', 'status': 'passed', 'value': 7.28, 'min': 7.0, 'max': 8.0, 'reason': ''}, {'criterion': 'rjb', 'column': 'RJB(km)', 'status': 'passed', 'value': 54.25, 'min': 0.0, 'max': 100.0, 'reason': ''}, {'criterion': 'rrup', 'column': 'RRUP(km)', 'status': 'passed', 'value': 54.25, 'min': 0.0, 'max': 120.0, 'reason': ''}, {'criterion': 'vs30', 'column': 'VS30(m/s)', 'status': 'passed', 'value': 339.02, 'min': 300.0, 'max': 400.0, 'reason': ''}, {'criterion': 'pga', 'column': 'PGA(cm2/sec)', 'status': 'passed', 'value': 102.185293, 'min': 50.0, 'max': 500.0, 'reason': ''}, {'criterion': 'pgv', 'column': 'PGV(cm/sec)', 'status': 'passed', 'value': 13.37, 'min': 5.0, 'max': 100.0, 'reason': ''}, {'criterion': 'mechanism', 'column': 'MECHANISM', 'status': 'passed', 'value': 'StrikeSlip', 'target': ['StrikeSlip'], 'reason': ''}]","[{'criterion': 'magnitude', 'column': 'MAGNITUDE', 'status': 'active', 'target': 7.5, 'value': 7.28, 'absolute_error': 0.21999999999999975, 'normalized_error': 0.21999999999999975, 'scale': 1.0}, {'criterion': 'rjb', 'column': 'RJB(km)', 'status': 'active', 'target': 50.0, 'value': 54.25, 'absolute_error': 4.25, 'normalized_error': 0.0425, 'scale': 100.0}, {'criterion': 'rrup', 'column': 'RRUP(km)', 'status': 'active', 'target': 60.0, 'value': 54.25, 'absolute_error': 5.75, 'normalized_error': 0.04791666666666667, 'scale': 120.0}, {'criterion': 'vs30', 'column': 'VS30(m/s)', 'status': 'active', 'target': 350.0, 'value': 339.02, 'absolute_error': 10.980000000000018, 'normalized_error': 0.10980000000000018, 'scale': 100.0}, {'criterion': 'pga', 'column': 'PGA(cm2/sec)', 'status': 'active', 'target': 275.0, 'value': 102.185293, 'absolute_error': 172.814707, 'normalized_error': 0.3840326822222222, 'scale': 450.0}, {'criterion': 'pgv', 'column': 'PGV(cm/sec)', 'status': 'active', 'target': 52.5, 'value': 13.37, 'absolute_error': 39.13, 'normalized_error': 0.4118947368421053, 'scale': 95.0}, {'criterion': 'mechanism', 'column': 'MECHANISM', 'status': 'active', 'target': ['StrikeSlip'], 'value': 'StrikeSlip', 'absolute_error': 0.0, 'normalized_error': 0.0, 'match': 1.0}]",0.17373486939014202,85.1981163786663,"[{'criterion': 'magnitude', 'column': 'MAGNITUDE', 'status': 'active', 'target': 7.5, 'value': 7.28, 'absolute_error': 0.21999999999999975, 'normalized_error': 0.21999999999999975, 'scale': 1.0}, {'criterion': 'rjb', 'column': 'RJB(km)', 'status': 'active', 'target': 50.0, 'value': 54.25, 'absolute_error': 4.25, 'normalized_error': 0.0425, 'scale': 100.0}, {'criterion': 'rrup', 'column': 'RRUP(km)', 'status': 'active', 'target': 60.0, 'value': 54.25, 'absolute_error': 5.75, 'normalized_error': 0.04791666666666667, 'scale': 120.0}, {'criterion': 'vs30', 'column': 'VS30(m/s)', 'status': 'active', 'target': 350.0, 'value': 339.02, 'absolute_error': 10.980000000000018, 'normalized_error': 0.10980000000000018, 'scale': 100.0}, {'criterion': 'pga', 'column': 'PGA(cm2/sec)', 'status': 'active', 'target': 275.0, 'value': 102.185293, 'absolute_error': 172.814707, 'normalized_error': 0.3840326822222222, 'scale': 450.0}, {'criterion': 'pgv', 'column': 'PGV(cm/sec)', 'status': 'active', 'target': 52.5, 'value': 13.37, 'absolute_error': 39.13, 'normalized_error': 0.4118947368421053, 'scale': 95.0}, {'criterion': 'mechanism', 'column': 'MECHANISM', 'status': 'active', 'target': ['StrikeSlip'], 'value': 'StrikeSlip', 'absolute_error': 0.0, 'normalized_error': 0.0, 'match': 1.0}]",selected,selected
PEER,848,Landers,1992,7.28,Mw,Coolwater,24,23,34.851,-116.858,352.98,336.0,90.0,180,StrikeSlip,,82.12,82.42,19.74,19.74,34.2,-116.436,7.0,10.6,2.2,0.1,LANDERS\CLW-LN.AT2,LANDERS\CLW-TR.AT2,LANDERS\CLW-UP.AT2,344.10554184999995,33.224,16.832,"[{'criterion': 'magnitude', 'column': 'MAGNITUDE', 'status': 'passed', 'value': 7.28, 'min': 7.0, 'max': 8.0, 'reason': ''}, {'criterion': 'rjb', 'column': 'RJB(km)', 'status': 'passed', 'value': 19.74, 'min': 0.0, 'max': 100.0, 'reason': ''}, {'criterion': 'rrup', 'column': 'RRUP(km)', 'status': 'passed', 'value': 19.74, 'min': 0.0, 'max': 120.0, 'reason': ''}, {'criterion': 'vs30', 'column': 'VS30(m/s)', 'status': 'passed', 'value': 352.98, 'min': 300.0, 'max': 400.0, 'reason': ''}, {'criterion': 'pga', 'column': 'PGA(cm2/sec)', 'status': 'passed', 'value': 344.10554184999995, 'min': 50.0, 'max': 500.0, 'reason': ''}, {'criterion': 'pgv', 'column': 'PGV(cm/sec)', 'status': 'passed', 'value': 33.224, 'min': 5.0, 'max': 100.0, 'reason': ''}, {'criterion': 'mechanism', 'column': 'MECHANISM', 'status': 'passed', 'value': 'StrikeSlip', 'target': ['StrikeSlip'], 'reason': ''}]","[{'criterion': 'magnitude', 'column': 'MAGNITUDE', 'status': 'active', 'target': 7.5, 'value': 7.28, 'absolute_error': 0.21999999999999975, 'normalized_error': 0.21999999999999975, 'scale': 1.0}, {'criterion': 'rjb', 'column': 'RJB(km)', 'status': 'active', 'target': 50.0, 'value': 19.74, 'absolute_error': 30.26, 'normalized_error': 0.30260000000000004, 'scale': 100.0}, {'criterion': 'rrup', 'column': 'RRUP(km)', 'status': 'active', 'target': 60.0, 'value': 19.74, 'absolute_error': 40.260000000000005, 'normalized_error': 0.3355, 'scale': 120.0}, {'criterion': 'vs30', 'column': 'VS30(m/s)', 'status': 'active', 'target': 350.0, 'value': 352.98, 'absolute_error': 2.980000000000018, 'normalized_error': 0.02980000000000018, 'scale': 100.0}, {'criterion': 'pga', 'column': 'PGA(cm2/sec)', 'status': 'active', 'target': 275.0, 'value': 344.10554184999995, 'absolute_error': 69.10554184999995, 'normalized_error': 0.15356787077777767, 'scale': 450.0}, {'criterion': 'pgv', 'column': 'PGV(cm/sec)', 'status': 'active', 'target': 52.5, 'value': 33.224, 'absolute_error': 19.276000000000003, 'normalized_error': 0.20290526315789478, 'scale': 95.0}, {'criterion': 'mechanism', 'column': 'MECHANISM', 'status': 'active', 'target': ['StrikeSlip'], 'value': 'StrikeSlip', 'absolute_error': 0.0, 'normalized_error': 0.0, 'match': 1.0}]",0.17776759056223893,84.90639477714132,"[{'criterion': 'magnitude', 'column': 'MAGNITUDE', 'status': 'active', 'target': 7.5, 'value': 7.28, 'absolute_error': 0.21999999999999975, 'normalized_error': 0.21999999999999975, 'scale': 1.0}, {'criterion': 'rjb', 'column': 'RJB(km)', 'status': 'active', 'target': 50.0, 'value': 19.74, 'absolute_error': 30.26, 'normalized_error': 0.30260000000000004, 'scale': 100.0}, {'criterion': 'rrup', 'column': 'RRUP(km)', 'status': 'active', 'target': 60.0, 'value': 19.74, 'absolute_error': 40.260000000000005, 'normalized_error': 0.3355, 'scale': 120.0}, {'criterion': 'vs30', 'column': 'VS30(m/s)', 'status': 'active', 'target': 350.0, 'value': 352.98, 'absolute_error': 2.980000000000018, 'normalized_error': 0.02980000000000018, 'scale': 100.0}, {'criterion': 'pga', 'column': 'PGA(cm2/sec)', 'status': 'active', 'target': 275.0, 'value': 344.10554184999995, 'absolute_error': 69.10554184999995, 'normalized_error': 0.15356787077777767, 'scale': 450.0}, {'criterion': 'pgv', 'column': 'PGV(cm/sec)', 'status': 'active', 'target': 52.5, 'value': 33.224, 'absolute_error': 19.276000000000003, 'normalized_error': 0.20290526315789478, 'scale': 95.0}, {'criterion': 'mechanism', 'column': 'MECHANISM', 'status': 'active', 'target': ['StrikeSlip'], 'value': 'StrikeSlip', 'absolute_error': 0.0, 'normalized_error': 0.0, 'match': 1.0}]",selected,selected
PEER,1636,"Manjil, Iran",1990,7.37,Mw,Qazvin,1515,-999,36.26,50.0,302.64,289.0,88.0,-9,StrikeSlip,,84.03,85.54,49.97,49.97,36.8358,49.3918,16.0,25.7,0.4,0.25,MANJIL\185066.AT2,MANJIL\185336.AT2,MANJIL\185-UP.AT2,164.5359737,13.991,3.6192,"[{'criterion': 'magnitude', 'column': 'MAGNITUDE', 'status': 'passed', 'value': 7.37, 'min': 7.0, 'max': 8.0, 'reason': ''}, {'criterion': 'rjb', 'column': 'RJB(km)', 'status': 'passed', 'value': 49.97, 'min': 0.0, 'max': 100.0, 'reason': ''}, {'criterion': 'rrup', 'column': 'RRUP(km)', 'status': 'passed', 'value': 49.97, 'min': 0.0, 'max': 120.0, 'reason': ''}, {'criterion': 'vs30', 'column': 'VS30(m/s)', 'status': 'passed', 'value': 302.64, 'min': 300.0, 'max': 400.0, 'reason': ''}, {'criterion': 'pga', 'column': 'PGA(cm2/sec)', 'status': 'passed', 'value': 164.5359737, 'min': 50.0, 'max': 500.0, 'reason': ''}, {'criterion': 'pgv', 'column': 'PGV(cm/sec)', 'status': 'passed', 'value': 13.991, 'min': 5.0, 'max': 100.0, 'reason': ''}, {'criterion': 'mechanism', 'column': 'MECHANISM', 'status': 'passed', 'value': 'StrikeSlip', 'target': ['StrikeSlip'], 'reason': ''}]","[{'criterion': 'magnitude', 'column': 'MAGNITUDE', 'status': 'active', 'target': 7.5, 'value': 7.37, 'absolute_error': 0.1299999999999999, 'normalized_error': 0.1299999999999999, 'scale': 1.0}, {'criterion': 'rjb', 'column': 'RJB(km)', 'status': 'active', 'target': 50.0, 'value': 49.97, 'absolute_error': 0.030000000000001137, 'normalized_error': 0.00030000000000001136, 'scale': 100.0}, {'criterion': 'rrup', 'column': 'RRUP(km)', 'status': 'active', 'target': 60.0, 'value': 49.97, 'absolute_error': 10.030000000000001, 'normalized_error': 0.08358333333333334, 'scale': 120.0}, {'criterion': 'vs30', 'column': 'VS30(m/s)', 'status': 'active', 'target': 350.0, 'value': 302.64, 'absolute_error': 47.360000000000014, 'normalized_error': 0.47360000000000013, 'scale': 100.0}, {'criterion': 'pga', 'column': 'PGA(cm2/sec)', 'status': 'active', 'target': 275.0, 'value': 164.5359737, 'absolute_error': 110.4640263, 'normalized_error': 0.245475614, 'scale': 450.0}, {'criterion': 'pgv', 'column': 'PGV(cm/sec)', 'status': 'active', 'target': 52.5, 'value': 13.991, 'absolute_error': 38.509, 'normalized_error': 0.4053578947368421, 'scale': 95.0}, {'criterion': 'mechanism', 'column': 'MECHANISM', 'status': 'active', 'target': ['StrikeSlip'], 'value': 'StrikeSlip', 'absolute_error': 0.0, 'normalized_error': 0.0, 'match': 1.0}]",0.19118812029573934,83.94979625482895,"[{'criterion': 'magnitude', 'column': 'MAGNITUDE', 'status': 'active', 'target': 7.5, 'value': 7.37, 'absolute_error': 0.1299999999999999, 'normalized_error': 0.1299999999999999, 'scale': 1.0}, {'criterion': 'rjb', 'column': 'RJB(km)', 'status': 'active', 'target': 50.0, 'value': 49.97, 'absolute_error': 0.030000000000001137, 'normalized_error': 0.00030000000000001136, 'scale': 100.0}, {'criterion': 'rrup', 'column': 'RRUP(km)', 'status': 'active', 'target': 60.0, 'value': 49.97, 'absolute_error': 10.030000000000001, 'normalized_error': 0.08358333333333334, 'scale': 120.0}, {'criterion': 'vs30', 'column': 'VS30(m/s)', 'status': 'active', 'target': 350.0, 'value': 302.64, 'absolute_error': 47.360000000000014, 'normalized_error': 0.47360000000000013, 'scale': 100.0}, {'criterion': 'pga', 'column': 'PGA(cm2/sec)', 'status': 'active', 'target': 275.0, 'value': 164.5359737, 'absolute_error': 110.4640263, 'normalized_error': 0.245475614, 'scale': 450.0}, {'criterion': 'pgv', 'column': 'PGV(cm/sec)', 'status': 'active', 'target': 52.5, 'value': 13.991, 'absolute_error': 38.509, 'normalized_error': 0.4053578947368421, 'scale': 95.0}, {'criterion': 'mechanism', 'column': 'MECHANISM', 'status': 'active', 'target': ['StrikeSlip'], 'value': 'StrikeSlip', 'absolute_error': 0.0, 'normalized_error': 0.0, 'match': 1.0}]",selected,selected
PEER,1634,"Manjil, Iran",1990,7.37,Mw,Abhar,1496,-999,36.15,49.22,302.64,289.0,88.0,-9,StrikeSlip,,77.85,79.47,75.58,75.58,36.8358,49.3918,16.0,23.3,1.9,0.25,MANJIL\184057.AT2,MANJIL\184327.AT2,MANJIL\184-UP.AT2,177.17674555,39.768,18.45,"[{'criterion': 'magnitude', 'column': 'MAGNITUDE', 'status': 'passed', 'value': 7.37, 'min': 7.0, 'max': 8.0, 'reason': ''}, {'criterion': 'rjb', 'column': 'RJB(km)', 'status': 'passed', 'value': 75.58, 'min': 0.0, 'max': 100.0, 'reason': ''}, {'criterion': 'rrup', 'column': 'RRUP(km)', 'status': 'passed', 'value': 75.58, 'min': 0.0, 'max': 120.0, 'reason': ''}, {'criterion': 'vs30', 'column': 'VS30(m/s)', 'status': 'passed', 'value': 302.64, 'min': 300.0, 'max': 400.0, 'reason': ''}, {'criterion': 'pga', 'column': 'PGA(cm2/sec)', 'status': 'passed', 'value': 177.17674555, 'min': 50.0, 'max': 500.0, 'reason': ''}, {'criterion': 'pgv', 'column': 'PGV(cm/sec)', 'status': 'passed', 'value': 39.768, 'min': 5.0, 'max': 100.0, 'reason': ''}, {'criterion': 'mechanism', 'column': 'MECHANISM', 'status': 'passed', 'value': 'StrikeSlip', 'target': ['StrikeSlip'], 'reason': ''}]","[{'criterion': 'magnitude', 'column': 'MAGNITUDE', 'status': 'active', 'target': 7.5, 'value': 7.37, 'absolute_error': 0.1299999999999999, 'normalized_error': 0.1299999999999999, 'scale': 1.0}, {'criterion': 'rjb', 'column': 'RJB(km)', 'status': 'active', 'target': 50.0, 'value': 75.58, 'absolute_error': 25.58, 'normalized_error': 0.25579999999999997, 'scale': 100.0}, {'criterion': 'rrup', 'column': 'RRUP(km)', 'status': 'active', 'target': 60.0, 'value': 75.58, 'absolute_error': 15.579999999999998, 'normalized_error': 0.12983333333333333, 'scale': 120.0}, {'criterion': 'vs30', 'column': 'VS30(m/s)', 'status': 'active', 'target': 350.0, 'value': 302.64, 'absolute_error': 47.360000000000014, 'normalized_error': 0.47360000000000013, 'scale': 100.0}, {'criterion': 'pga', 'column': 'PGA(cm2/sec)', 'status': 'active', 'target': 275.0, 'value': 177.17674555, 'absolute_error': 97.82325445000001, 'normalized_error': 0.2173850098888889, 'scale': 450.0}, {'criterion': 'pgv', 'column': 'PGV(cm/sec)', 'status': 'active', 'target': 52.5, 'value': 39.768, 'absolute_error': 12.732, 'normalized_error': 0.13402105263157893, 'scale': 95.0}, {'criterion': 'mechanism', 'column': 'MECHANISM', 'status': 'active', 'target': ['StrikeSlip'], 'value': 'StrikeSlip', 'absolute_error': 0.0, 'normalized_error': 0.0, 'match': 1.0}]",0.19151991369340018,83.9264193999294,"[{'criterion': 'magnitude', 'column': 'MAGNITUDE', 'status': 'active', 'target': 7.5, 'value': 7.37, 'absolute_error': 0.1299999999999999, 'normalized_error': 0.1299999999999999, 'scale': 1.0}, {'criterion': 'rjb', 'column': 'RJB(km)', 'status': 'active', 'target': 50.0, 'value': 75.58, 'absolute_error': 25.58, 'normalized_error': 0.25579999999999997, 'scale': 100.0}, {'criterion': 'rrup', 'column': 'RRUP(km)', 'status': 'active', 'target': 60.0, 'value': 75.58, 'absolute_error': 15.579999999999998, 'normalized_error': 0.12983333333333333, 'scale': 120.0}, {'criterion': 'vs30', 'column': 'VS30(m/s)', 'status': 'active', 'target': 350.0, 'value': 302.64, 'absolute_error': 47.360000000000014, 'normalized_error': 0.47360000000000013, 'scale': 100.0}, {'criterion': 'pga', 'column': 'PGA(cm2/sec)', 'status': 'active', 'target': 275.0, 'value': 177.17674555, 'absolute_error': 97.82325445000001, 'normalized_error': 0.2173850098888889, 'scale': 450.0}, {'criterion': 'pgv', 'column': 'PGV(cm/sec)', 'status': 'active', 'target': 52.5, 'value': 39.768, 'absolute_error': 12.732, 'normalized_error': 0.13402105263157893, 'scale': 95.0}, {'criterion': 'mechanism', 'column': 'MECHANISM', 'status': 'active', 'target': ['StrikeSlip'], 'value': 'StrikeSlip', 'absolute_error': 0.0, 'normalized_error': 0.0, 'match': 1.0}]",selected,selected
PEER,1144,Gulf of Aqaba,1995,7.2,Mw,Eilat,712,-999,29.563,34.938,354.88,201.0,78.0,0,StrikeSlip,,93.35,94.18,43.29,44.1,28.76,34.66,12.5,23.0,0.2,0.0625,AQABA\EIL-EW.AT2,AQABA\EIL-NS.AT2,AQABA\EIL-UP.AT2,90.145668795,13.271,6.6331,"[{'criterion': 'magnitude', 'column': 'MAGNITUDE', 'status': 'passed', 'value': 7.2, 'min': 7.0, 'max': 8.0, 'reason': ''}, {'criterion': 'rjb', 'column': 'RJB(km)', 'status': 'passed', 'value': 43.29, 'min': 0.0, 'max': 100.0, 'reason': ''}, {'criterion': 'rrup', 'column': 'RRUP(km)', 'status': 'passed', 'value': 44.1, 'min': 0.0, 'max': 120.0, 'reason': ''}, {'criterion': 'vs30', 'column': 'VS30(m/s)', 'status': 'passed', 'value': 354.88, 'min': 300.0, 'max': 400.0, 'reason': ''}, {'criterion': 'pga', 'column': 'PGA(cm2/sec)', 'status': 'passed', 'value': 90.145668795, 'min': 50.0, 'max': 500.0, 'reason': ''}, {'criterion': 'pgv', 'column': 'PGV(cm/sec)', 'status': 'passed', 'value': 13.271, 'min': 5.0, 'max': 100.0, 'reason': ''}, {'criterion': 'mechanism', 'column': 'MECHANISM', 'status': 'passed', 'value': 'StrikeSlip', 'target': ['StrikeSlip'], 'reason': ''}]","[{'criterion': 'magnitude', 'column': 'MAGNITUDE', 'status': 'active', 'target': 7.5, 'value': 7.2, 'absolute_error': 0.2999999999999998, 'normalized_error': 0.2999999999999998, 'scale': 1.0}, {'criterion': 'rjb', 'column': 'RJB(km)', 'status': 'active', 'target': 50.0, 'value': 43.29, 'absolute_error': 6.710000000000001, 'normalized_error': 0.0671, 'scale': 100.0}, {'criterion': 'rrup', 'column': 'RRUP(km)', 'status': 'active', 'target': 60.0, 'value': 44.1, 'absolute_error': 15.899999999999999, 'normalized_error': 0.13249999999999998, 'scale': 120.0}, {'criterion': 'vs30', 'column': 'VS30(m/s)', 'status': 'active', 'target': 350.0, 'value': 354.88, 'absolute_error': 4.8799999999999955, 'normalized_error': 0.048799999999999955, 'scale': 100.0}, {'criterion': 'pga', 'column': 'PGA(cm2/sec)', 'status': 'active', 'target': 275.0, 'value': 90.145668795, 'absolute_error': 184.854331205, 'normalized_error': 0.41078740267777775, 'scale': 450.0}, {'criterion': 'pgv', 'column': 'PGV(cm/sec)', 'status': 'active', 'target': 52.5, 'value': 13.271, 'absolute_error': 39.229, 'normalized_error': 0.41293684210526316, 'scale': 95.0}, {'criterion': 'mechanism', 'column': 'MECHANISM', 'status': 'active', 'target': ['StrikeSlip'], 'value': 'StrikeSlip', 'absolute_error': 0.0, 'normalized_error': 0.0, 'match': 1.0}]",0.1960177492547201,83.61079930654327,"[{'criterion': 'magnitude', 'column': 'MAGNITUDE', 'status': 'active', 'target': 7.5, 'value': 7.2, 'absolute_error': 0.2999999999999998, 'normalized_error': 0.2999999999999998, 'scale': 1.0}, {'criterion': 'rjb', 'column': 'RJB(km)', 'status': 'active', 'target': 50.0, 'value': 43.29, 'absolute_error': 6.710000000000001, 'normalized_error': 0.0671, 'scale': 100.0}, {'criterion': 'rrup', 'column': 'RRUP(km)', 'status': 'active', 'target': 60.0, 'value': 44.1, 'absolute_error': 15.899999999999999, 'normalized_error': 0.13249999999999998, 'scale': 120.0}, {'criterion': 'vs30', 'column': 'VS30(m/s)', 'status': 'active', 'target': 350.0, 'value': 354.88, 'absolute_error': 4.8799999999999955, 'normalized_error': 0.048799999999999955, 'scale': 100.0}, {'criterion': 'pga', 'column': 'PGA(cm2/sec)', 'status': 'active', 'target': 275.0, 'value': 90.145668795, 'absolute_error': 184.854331205, 'normalized_error': 0.41078740267777775, 'scale': 450.0}, {'criterion': 'pgv', 'column': 'PGV(cm/sec)', 'status': 'active', 'target': 52.5, 'value': 13.271, 'absolute_error': 39.229, 'normalized_error': 0.41293684210526316, 'scale': 95.0}, {'criterion': 'mechanism', 'column': 'MECHANISM', 'status': 'active', 'target': ['StrikeSlip'], 'value': 'StrikeSlip', 'absolute_error': 0.0, 'normalized_error': 0.0, 'match': 1.0}]",selected,selected
PEER,1762,Hector Mine,1999,7.13,Mw,Amboy,295,21081,34.56,-115.743,382.93,332.0,82.0,179,StrikeSlip,,47.97,50.2,41.81,43.05,34.5981,-116.2645,14.8,26.7,0.9,0.08,HECTOR\ABY090.AT2,HECTOR\ABY360.AT2,HECTOR\ABY-UP.AT2,182.9332491,23.776,14.822,"[{'criterion': 'magnitude', 'column': 'MAGNITUDE', 'status': 'passed', 'value': 7.13, 'min': 7.0, 'max': 8.0, 'reason': ''}, {'criterion': 'rjb', 'column': 'RJB(km)', 'status': 'passed', 'value': 41.81, 'min': 0.0, 'max': 100.0, 'reason': ''}, {'criterion': 'rrup', 'column': 'RRUP(km)', 'status': 'passed', 'value': 43.05, 'min': 0.0, 'max': 120.0, 'reason': ''}, {'criterion': 'vs30', 'column': 'VS30(m/s)', 'status': 'passed', 'value': 382.93, 'min': 300.0, 'max': 400.0, 'reason': ''}, {'criterion': 'pga', 'column': 'PGA(cm2/sec)', 'status': 'passed', 'value': 182.9332491, 'min': 50.0, 'max': 500.0, 'reason': ''}, {'criterion': 'pgv', 'column': 'PGV(cm/sec)', 'status': 'passed', 'value': 23.776, 'min': 5.0, 'max': 100.0, 'reason': ''}, {'criterion': 'mechanism', 'column': 'MECHANISM', 'status': 'passed', 'value': 'StrikeSlip', 'target': ['StrikeSlip'], 'reason': ''}]","[{'criterion': 'magnitude', 'column': 'MAGNITUDE', 'status': 'active', 'target': 7.5, 'value': 7.13, 'absolute_error': 0.3700000000000001, 'normalized_error': 0.3700000000000001, 'scale': 1.0}, {'criterion': 'rjb', 'column': 'RJB(km)', 'status': 'active', 'target': 50.0, 'value': 41.81, 'absolute_error': 8.189999999999998, 'normalized_error': 0.08189999999999997, 'scale': 100.0}, {'criterion': 'rrup', 'column': 'RRUP(km)', 'status': 'active', 'target': 60.0, 'value': 43.05, 'absolute_error': 16.950000000000003, 'normalized_error': 0.14125000000000001, 'scale': 120.0}, {'criterion': 'vs30', 'column': 'VS30(m/s)', 'status': 'active', 'target': 350.0, 'value': 382.93, 'absolute_error': 32.93000000000001, 'normalized_error': 0.3293000000000001, 'scale': 100.0}, {'criterion': 'pga', 'column': 'PGA(cm2/sec)', 'status': 'active', 'target': 275.0, 'value': 182.9332491, 'absolute_error': 92.06675089999999, 'normalized_error': 0.20459277977777776, 'scale': 450.0}, {'criterion': 'pgv', 'column': 'PGV(cm/sec)', 'status': 'active', 'target': 52.5, 'value': 23.776, 'absolute_error': 28.724, 'normalized_error': 0.3023578947368421, 'scale': 95.0}, {'criterion': 'mechanism', 'column': 'MECHANISM', 'status': 'active', 'target': ['StrikeSlip'], 'value': 'StrikeSlip', 'absolute_error': 0.0, 'normalized_error': 0.0, 'match': 1.0}]",0.20420009635923142,83.04267729452869,"[{'criterion': 'magnitude', 'column': 'MAGNITUDE', 'status': 'active', 'target': 7.5, 'value': 7.13, 'absolute_error': 0.3700000000000001, 'normalized_error': 0.3700000000000001, 'scale': 1.0}, {'criterion': 'rjb', 'column': 'RJB(km)', 'status': 'active', 'target': 50.0, 'value': 41.81, 'absolute_error': 8.189999999999998, 'normalized_error': 0.08189999999999997, 'scale': 100.0}, {'criterion': 'rrup', 'column': 'RRUP(km)', 'status': 'active', 'target': 60.0, 'value': 43.05, 'absolute_error': 16.950000000000003, 'normalized_error': 0.14125000000000001, 'scale': 120.0}, {'criterion': 'vs30', 'column': 'VS30(m/s)', 'status': 'active', 'target': 350.0, 'value': 382.93, 'absolute_error': 32.93000000000001, 'normalized_error': 0.3293000000000001, 'scale': 100.0}, {'criterion': 'pga', 'column': 'PGA(cm2/sec)', 'status': 'active', 'target': 275.0, 'value': 182.9332491, 'absolute_error': 92.06675089999999, 'normalized_error': 0.20459277977777776, 'scale': 450.0}, {'criterion': 'pgv', 'column': 'PGV(cm/sec)', 'status': 'active', 'target': 52.5, 'value': 23.776, 'absolute_error': 28.724, 'normalized_error': 0.3023578947368421, 'scale': 95.0}, {'criterion': 'mechanism', 'column': 'MECHANISM', 'status': 'active', 'target': ['StrikeSlip'], 'value': 'StrikeSlip', 'absolute_error': 0.0, 'normalized_error': 0.0, 'match': 1.0}]",selected,selected
PEER,1776,Hector Mine,1999,7.13,Mw,Desert Hot Springs,267,12149,33.962,-116.509,359.0,332.0,82.0,179,StrikeSlip,,74.27,75.73,56.4,56.4,34.5981,-116.2645,14.8,28.1,0.1,0.078,HECTOR\DSP090.AT2,HECTOR\DSP360.AT2,HECTOR\DSP-UP.AT2,75.063041095,8.9578,4.9634,"[{'criterion': 'magnitude', 'column': 'MAGNITUDE', 'status': 'passed', 'value': 7.13, 'min': 7.0, 'max': 8.0, 'reason': ''}, {'criterion': 'rjb', 'column': 'RJB(km)', 'status': 'passed', 'value': 56.4, 'min': 0.0, 'max': 100.0, 'reason': ''}, {'criterion': 'rrup', 'column': 'RRUP(km)', 'status': 'passed', 'value': 56.4, 'min': 0.0, 'max': 120.0, 'reason': ''}, {'criterion': 'vs30', 'column': 'VS30(m/s)', 'status': 'passed', 'value': 359.0, 'min': 300.0, 'max': 400.0, 'reason': ''}, {'criterion': 'pga', 'column': 'PGA(cm2/sec)', 'status': 'passed', 'value': 75.063041095, 'min': 50.0, 'max': 500.0, 'reason': ''}, {'criterion': 'pgv', 'column': 'PGV(cm/sec)', 'status': 'passed', 'value': 8.9578, 'min': 5.0, 'max': 100.0, 'reason': ''}, {'criterion': 'mechanism', 'column': 'MECHANISM', 'status': 'passed', 'value': 'StrikeSlip', 'target': ['StrikeSlip'], 'reason': ''}]","[{'criterion': 'magnitude', 'column': 'MAGNITUDE', 'status': 'active', 'target': 7.5, 'value': 7.13, 'absolute_error': 0.3700000000000001, 'normalized_error': 0.3700000000000001, 'scale': 1.0}, {'criterion': 'rjb', 'column': 'RJB(km)', 'status': 'active', 'target': 50.0, 'value': 56.4, 'absolute_error': 6.399999999999999, 'normalized_error': 0.06399999999999999, 'scale': 100.0}, {'criterion': 'rrup', 'column': 'RRUP(km)', 'status': 'active', 'target': 60.0, 'value': 56.4, 'absolute_error': 3.6000000000000014, 'normalized_error': 0.030000000000000013, 'scale': 120.0}, {'criterion': 'vs30', 'column': 'VS30(m/s)', 'status': 'active', 'target': 350.0, 'value': 359.0, 'absolute_error': 9.0, 'normalized_error': 0.09, 'scale': 100.0}, {'criterion': 'pga', 'column': 'PGA(cm2/sec)', 'status': 'active', 'target': 275.0, 'value': 75.063041095, 'absolute_error': 199.93695890499998, 'normalized_error': 0.44430435312222216, 'scale': 450.0}, {'criterion': 'pgv', 'column': 'PGV(cm/sec)', 'status': 'active', 'target': 52.5, 'value': 8.9578, 'absolute_error': 43.5422, 'normalized_error': 0.45833894736842107, 'scale': 95.0}, {'criterion': 'mechanism', 'column': 'MECHANISM', 'status': 'active', 'target': ['StrikeSlip'], 'value': 'StrikeSlip', 'absolute_error': 0.0, 'normalized_error': 0.0, 'match': 1.0}]",0.2080919000700919,82.77515973263138,"[{'criterion': 'magnitude', 'column': 'MAGNITUDE', 'status': 'active', 'target': 7.5, 'value': 7.13, 'absolute_error': 0.3700000000000001, 'normalized_error': 0.3700000000000001, 'scale': 1.0}, {'criterion': 'rjb', 'column': 'RJB(km)', 'status': 'active', 'target': 50.0, 'value': 56.4, 'absolute_error': 6.399999999999999, 'normalized_error': 0.06399999999999999, 'scale': 100.0}, {'criterion': 'rrup', 'column': 'RRUP(km)', 'status': 'active', 'target': 60.0, 'value': 56.4, 'absolute_error': 3.6000000000000014, 'normalized_error': 0.030000000000000013, 'scale': 120.0}, {'criterion': 'vs30', 'column': 'VS30(m/s)', 'status': 'active', 'target': 350.0, 'value': 359.0, 'absolute_error': 9.0, 'normalized_error': 0.09, 'scale': 100.0}, {'criterion': 'pga', 'column': 'PGA(cm2/sec)', 'status': 'active', 'target': 275.0, 'value': 75.063041095, 'absolute_error': 199.93695890499998, 'normalized_error': 0.44430435312222216, 'scale': 450.0}, {'criterion': 'pgv', 'column': 'PGV(cm/sec)', 'status': 'active', 'target': 52.5, 'value': 8.9578, 'absolute_error': 43.5422, 'normalized_error': 0.45833894736842107, 'scale': 95.0}, {'criterion': 'mechanism', 'column': 'MECHANISM', 'status': 'active', 'target': ['StrikeSlip'], 'value': 'StrikeSlip', 'absolute_error': 0.0, 'normalized_error': 0.0, 'match': 1.0}]",selected,selected
